CREATE TABLE TEACHER
(TEACHER_ID INT PRIMARY KEY, 
 TEACHER_NAME VARCHAR(10),
 AGE INT);

 INSERT INTO TEACHER VALUES('1','SRI','20');
 INSERT INTO TEACHER VALUES('2','MOHAN','21');
 INSERT INTO TEACHER VALUES('3','LAKSHMI','22');
 INSERT INTO TEACHER VALUES('4','VALLI','23');
 INSERT INTO TEACHER VALUES('5','KRISHNA','24');

 SELECT * FROM TEACHER;

 CREATE TABLE STUDENT(
 STUDENT_ID INT PRIMARY KEY,
 STUDENT_NAME VARCHAR(20),
 MARKS INT);

 INSERT INTO STUDENT VALUES('101','SRI DEVI','80');
 INSERT INTO STUDENT VALUES('102','NIKHIL','90');
 INSERT INTO STUDENT VALUES('103','SWETHA','75');
 INSERT INTO STUDENT VALUES('104','SRUTHI','65');
 INSERT INTO STUDENT VALUES('105','ANISHI','70');

 SELECT * FROM STUDENT;

 CREATE TABLE COURSE(
 COURSE_ID INT PRIMARY KEY,
 COURSE_CODE VARCHAR(10),
 COURSE_NAME VARCHAR(10));

 INSERT INTO COURSE VALUES('201','1000','CS');
 INSERT INTO COURSE VALUES('202','1001','BIGDATA');
 INSERT INTO COURSE VALUES('203','1002','JAVA');
 INSERT INTO COURSE VALUES('204','1003','C#');
 INSERT INTO COURSE VALUES('205','1004','.NET');

 SELECT * FROM COURSE;

 CREATE TABLE TEACHER_COURSE(
 TEACHER_ID INT,
 FOREIGN KEY(TEACHER_ID) REFERENCES TEACHER(TEACHER_ID),
 COURSE_ID INT, 
 FOREIGN KEY(COURSE_ID) REFERENCES COURSE(COURSE_ID));

 INSERT INTO TEACHER_COURSE VALUES('1','201'); 
 INSERT INTO TEACHER_COURSE VALUES('2','202');
 INSERT INTO TEACHER_COURSE VALUES('3','203');
 INSERT INTO TEACHER_COURSE VALUES('4','204');
 INSERT INTO TEACHER_COURSE VALUES('5','205');

 SELECT * FROM TEACHER_COURSE;


 CREATE TABLE STUDENT_COURSE(
 STUDENT_ID INT,
 FOREIGN KEY(STUDENT_ID) REFERENCES STUDENT(STUDENT_ID),
 COURSE_ID INT,
 FOREIGN KEY(COURSE_ID) REFERENCES COURSE(COURSE_ID));
 
  INSERT INTO STUDENT_COURSE VALUES('101','201');
  INSERT INTO STUDENT_COURSE VALUES('102','202');
  INSERT INTO STUDENT_COURSE VALUES('103','203');
  INSERT INTO STUDENT_COURSE VALUES('104','204');
  INSERT INTO STUDENT_COURSE VALUES('105','205');

 SELECT * FROM STUDENT_COURSE;



 ///1 STUDENT ID SHOULD GET ALL COURSES

 SELECT STUDENT_NAME,COURSE_NAME FROM STUDENT
 INNER JOIN STUDENT_COURSE ON STUDENT.STUDENT_ID=STUDENT_COURSE.STUDENT_ID
 INNER JOIN COURSE ON STUDENT_COURSE.COURSE_ID=COURSE.COURSE_ID;
 

 ///2 TEACHER ID SHOULD GET ALL COURSES

 SELECT TEACHER_NAME,COURSE_NAME FROM TEACHER 
 INNER JOIN TEACHER_COURSE ON TEACHER_COURSE.TEACHER_ID=TEACHER.TEACHER_ID
 INNER JOIN COURSE ON TEACHER_COURSE.COURSE_ID=COURSE.COURSE_ID;


 ///3 DISPLAY TEACHER NAME AND STUDENT NAME

 SELECT TEACHER_NAME,STUDENT_NAME
 FROM TEACHER
 INNER JOIN TEACHER_COURSE ON TEACHER.TEACHER_ID=TEACHER_COURSE.TEACHER_ID
 INNER JOIN COURSE ON TEACHER_COURSE.COURSE_ID=COURSE.COURSE_ID
 INNER JOIN STUDENT_COURSE ON COURSE.COURSE_ID=STUDENT_COURSE.COURSE_ID
 INNER JOIN STUDENT ON STUDENT_COURSE.STUDENT_ID=STUDENT.STUDENT_ID;


 ///4 DISPLAY TN,SN AND CN

 SELECT TEACHER_NAME,STUDENT_NAME,COURSE_NAME
 FROM TEACHER
 INNER JOIN TEACHER_COURSE ON TEACHER.TEACHER_ID=TEACHER_COURSE.TEACHER_ID
 INNER JOIN COURSE ON TEACHER_COURSE.COURSE_ID=COURSE.COURSE_ID
 INNER JOIN STUDENT_COURSE ON COURSE.COURSE_ID=STUDENT_COURSE.COURSE_ID
 INNER JOIN STUDENT ON STUDENT_COURSE.STUDENT_ID=STUDENT.STUDENT_ID;






 SELECT TEACHER_COURSE.TEACHER_ID ,TEACHER_NAME,COURSE_NAME,STUDENT.STUDENT_NAME
 FROM TEACHER
 INNER JOIN TEACHER_COURSE ON TEACHER.TEACHER_ID=TEACHER_COURSE.TEACHER_ID
 INNER JOIN COURSE  ON TEACHER_COURSE.COURSE_ID=COURSE.COURSE_ID
 INNER JOIN STUDENT ON STUDENT_COURSE.STUDENT_ID=STUDENT.STUDENT_ID
 INNER JOIN STUDENT_COURSE ON COURSE.COURSE_ID=STUDENT_COURSE.COURSE_ID;


